{"report_name": "LCOV", "diff_name": "upstream/main...HEAD, staged and unstaged changes", "src_stats": {"tests-integration/tests/integration_tests.rs": {"percent_covered": 61.19402985074627, "violation_lines": [53, 91, 103, 115, 127, 142, 144, 146, 149, 157, 218, 227, 230, 241, 247, 248, 366, 369, 372, 373, 374, 375, 376, 377, 378, 381, 383, 384, 385, 386, 387, 388, 389, 390, 391, 392, 393, 394, 395, 396, 399, 430, 458, 477, 479, 481, 482, 492, 494, 495, 497, 498], "covered_lines": [85, 86, 87, 89, 92, 94, 95, 96, 97, 98, 99, 100, 101, 102, 104, 106, 107, 108, 109, 110, 111, 112, 113, 114, 116, 118, 119, 120, 121, 122, 123, 124, 125, 126, 128, 130, 131, 133, 134, 135, 136, 137, 138, 139, 140, 141, 143, 145, 160, 162, 204, 205, 225, 226, 228, 229, 238, 249, 292, 318, 319, 320, 322, 325, 337, 404, 405, 406, 416, 424, 460, 461, 469, 538, 540, 549, 550, 551, 552, 553, 554, 557], "violations": [[53, null], [91, null], [103, null], [115, null], [127, null], [142, null], [144, null], [146, null], [149, null], [157, null], [218, null], [227, null], [230, null], [241, null], [247, null], [248, null], [366, null], [369, null], [372, null], [373, null], [374, null], [375, null], [376, null], [377, null], [378, null], [381, null], [383, null], [384, null], [385, null], [386, null], [387, null], [388, null], [389, null], [390, null], [391, null], [392, null], [393, null], [394, null], [395, null], [396, null], [399, null], [430, null], [458, null], [477, null], [479, null], [481, null], [482, null], [492, null], [494, null], [495, null], [497, null], [498, null]]}, "crates/conjure-cp-cli/src/pretty.rs": {"percent_covered": 100.0, "violation_lines": [], "covered_lines": [41], "violations": []}, "crates/conjure-cp-core/src/solver/mod.rs": {"percent_covered": 100.0, "violation_lines": [], "covered_lines": [201, 202, 203, 204, 206, 208], "violations": []}, "crates/conjure-cp-cli/src/utils/testing.rs": {"percent_covered": 80.0, "violation_lines": [107, 144, 174, 258, 266, 270], "covered_lines": [123, 125, 126, 128, 130, 131, 140, 143, 145, 151, 169, 171, 173, 175, 187, 190, 191, 192, 244, 245, 246, 284, 286, 287], "violations": [[107, null], [144, null], [174, null], [258, null], [266, null], [270, null]]}, "tests-integration/tests/roundtrip_tests.rs": {"percent_covered": 72.34042553191489, "violation_lines": [108, 110, 113, 115, 116, 119, 120, 124, 146, 147, 155, 185, 186], "covered_lines": [102, 103, 104, 105, 106, 107, 123, 127, 128, 129, 130, 139, 140, 141, 142, 143, 144, 145, 148, 149, 150, 151, 152, 153, 154, 160, 163, 169, 174, 192, 201, 203, 218, 231], "violations": [[108, null], [110, null], [113, null], [115, null], [116, null], [119, null], [120, null], [124, null], [146, null], [147, null], [155, null], [185, null], [186, null]]}, "crates/conjure-cp-essence-parser/src/parser/parse_model.rs": {"percent_covered": 75.0, "violation_lines": [24], "covered_lines": [21, 22, 23], "violations": [[24, null]]}}, "total_num_lines": 222, "total_num_violations": 72, "total_percent_covered": 67, "num_changed_lines": 1205}