{"report_name": "LCOV", "diff_name": "upstream/main...HEAD, staged and unstaged changes", "src_stats": {"tests-integration/tests/integration_tests.rs": {"percent_covered": 63.07692307692307, "violation_lines": [53, 91, 103, 115, 127, 143, 145, 148, 156, 225, 239, 245, 246, 366, 369, 370, 371, 372, 373, 374, 375, 378, 379, 380, 381, 382, 383, 384, 385, 386, 387, 388, 389, 390, 391, 392, 393, 396, 454, 473, 475, 477, 478, 488, 490, 491, 493, 494], "covered_lines": [85, 86, 87, 89, 92, 94, 95, 96, 97, 98, 99, 100, 101, 102, 104, 106, 107, 108, 109, 110, 111, 112, 113, 114, 116, 118, 119, 120, 121, 122, 123, 124, 125, 126, 128, 130, 131, 133, 134, 135, 136, 137, 138, 139, 140, 141, 142, 144, 159, 161, 203, 204, 223, 224, 226, 227, 236, 247, 290, 316, 317, 318, 320, 323, 335, 401, 402, 403, 413, 421, 456, 457, 465, 534, 536, 545, 546, 547, 548, 549, 550, 553], "violations": [[53, null], [91, null], [103, null], [115, null], [127, null], [143, null], [145, null], [148, null], [156, null], [225, null], [239, null], [245, null], [246, null], [366, null], [369, null], [370, null], [371, null], [372, null], [373, null], [374, null], [375, null], [378, null], [379, null], [380, null], [381, null], [382, null], [383, null], [384, null], [385, null], [386, null], [387, null], [388, null], [389, null], [390, null], [391, null], [392, null], [393, null], [396, null], [454, null], [473, null], [475, null], [477, null], [478, null], [488, null], [490, null], [491, null], [493, null], [494, null]]}, "tests-integration/tests/roundtrip_tests.rs": {"percent_covered": 74.07407407407408, "violation_lines": [108, 109, 112, 113, 133, 165, 166], "covered_lines": [102, 120, 132, 135, 140, 143, 149, 154, 172, 173, 174, 175, 183, 184, 185, 186, 187, 188, 203, 216], "violations": [[108, null], [109, null], [112, null], [113, null], [133, null], [165, null], [166, null]]}, "crates/conjure-cp-cli/src/utils/testing.rs": {"percent_covered": 88.0, "violation_lines": [142, 170, 263], "covered_lines": [123, 125, 128, 129, 138, 141, 143, 149, 167, 169, 171, 173, 185, 188, 189, 190, 242, 243, 244, 277, 279, 280], "violations": [[142, null], [170, null], [263, null]]}, "crates/conjure-cp-cli/src/pretty.rs": {"percent_covered": 100.0, "violation_lines": [], "covered_lines": [41], "violations": []}, "crates/conjure-cp-core/src/solver/mod.rs": {"percent_covered": 100.0, "violation_lines": [], "covered_lines": [201, 202, 203, 204, 206, 208], "violations": []}}, "total_num_lines": 189, "total_num_violations": 58, "total_percent_covered": 69, "num_changed_lines": 1170}