{"report_name": "LCOV", "diff_name": "upstream/main...HEAD, staged and unstaged changes", "src_stats": {"tests-integration/tests/integration_tests.rs": {"percent_covered": 100.0, "violation_lines": [], "covered_lines": [214], "violations": []}, "crates/conjure-cp-rules/src/sat/encoding_rules.rs": {"percent_covered": 100.0, "violation_lines": [], "covered_lines": [7], "violations": []}, "crates/conjure-cp-rules/src/sat/integer_repr.rs": {"percent_covered": 100.0, "violation_lines": [], "covered_lines": [170, 172, 173, 177, 178, 179, 182, 183, 184, 185, 186, 187, 188, 189, 191, 193, 195, 196, 197, 199, 200, 201, 203, 204, 205, 206, 207, 209, 210, 211, 212, 213, 214, 216, 218, 221, 222, 223, 224, 225, 226, 227, 229, 230, 231, 232, 234, 235, 236, 238, 240], "violations": []}, "crates/conjure-cp-core/src/solver/adaptors/rustsat/adaptor.rs": {"percent_covered": 100.0, "violation_lines": [], "covered_lines": [231, 232, 233], "violations": []}, "crates/conjure-cp-rules/src/representation/sat_order_int.rs": {"percent_covered": 80.58252427184466, "violation_lines": [42, 46, 67, 68, 69, 71, 72, 73, 74, 97, 106, 112, 115, 139, 140, 146, 149, 150, 154, 155], "covered_lines": [22, 23, 24, 27, 28, 29, 30, 31, 32, 33, 38, 39, 41, 43, 45, 50, 51, 52, 53, 54, 55, 56, 57, 59, 60, 61, 62, 63, 64, 82, 83, 84, 85, 86, 88, 89, 90, 91, 92, 94, 95, 96, 100, 101, 102, 104, 107, 110, 111, 116, 119, 120, 121, 122, 123, 124, 125, 126, 127, 128, 129, 130, 131, 132, 133, 134, 135, 136, 137, 138, 141, 142, 143, 144, 145, 147, 148, 151, 152, 153, 156, 157, 158], "violations": [[42, null], [46, null], [67, null], [68, null], [69, null], [71, null], [72, null], [73, null], [74, null], [97, null], [106, null], [112, null], [115, null], [139, null], [140, null], [146, null], [149, null], [150, null], [154, null], [155, null]]}, "crates/conjure-cp-rules/src/sat/order_int_ops.rs": {"percent_covered": 95.57522123893806, "violation_lines": [25, 36, 40, 135, 186], "covered_lines": [15, 16, 17, 20, 21, 23, 24, 27, 28, 32, 33, 34, 35, 39, 44, 45, 47, 50, 51, 52, 55, 58, 59, 60, 63, 64, 65, 67, 68, 73, 74, 75, 76, 77, 78, 79, 81, 82, 83, 84, 85, 86, 87, 88, 89, 90, 101, 102, 103, 104, 106, 110, 111, 112, 113, 114, 115, 116, 117, 118, 119, 127, 128, 129, 132, 133, 134, 138, 140, 141, 142, 145, 146, 147, 148, 149, 150, 151, 152, 153, 154, 155, 156, 157, 159, 160, 170, 171, 173, 175, 177, 179, 180, 183, 184, 185, 189, 190, 192, 193, 194, 195, 196, 199, 200, 201, 203, 204], "violations": [[25, null], [36, null], [40, null], [135, null], [186, null]]}}, "total_num_lines": 272, "total_num_violations": 25, "total_percent_covered": 90, "num_changed_lines": 8091}