{"report_name": "LCOV", "diff_name": "upstream/main...HEAD, staged and unstaged changes", "src_stats": {"crates/conjure-cp-core/src/ast/domains/attrs.rs": {"percent_covered": 38.18181818181819, "violation_lines": [64, 65, 66, 67, 68, 69, 70, 71, 72, 73, 74, 75, 76, 77, 78, 79, 80, 81, 82, 83, 84, 85, 95, 96, 98, 114, 115, 116, 117, 118, 119, 120, 121, 122], "covered_lines": [86, 87, 88, 89, 90, 91, 92, 97, 99, 100, 101, 102, 105, 106, 107, 108, 109, 110, 111, 112, 113], "violations": [[64, null], [65, null], [66, null], [67, null], [68, null], [69, null], [70, null], [71, null], [72, null], [73, null], [74, null], [75, null], [76, null], [77, null], [78, null], [79, null], [80, null], [81, null], [82, null], [83, null], [84, null], [85, null], [95, null], [96, null], [98, null], [114, null], [115, null], [116, null], [117, null], [118, null], [119, null], [120, null], [121, null], [122, null]]}, "crates/conjure-cp-core/src/ast/domains/unresolved.rs": {"percent_covered": 16.666666666666657, "violation_lines": [94, 95, 96, 97, 98, 99, 100, 111, 112, 265, 266, 268, 269, 271, 311, 336, 337, 338, 400, 401, 402, 404, 405, 460, 498], "covered_lines": [106, 107, 108, 109, 110], "violations": [[94, null], [95, null], [96, null], [97, null], [98, null], [99, null], [100, null], [111, null], [112, null], [265, null], [266, null], [268, null], [269, null], [271, null], [311, null], [336, null], [337, null], [338, null], [400, null], [401, null], [402, null], [404, null], [405, null], [460, null], [498, null]]}, "crates/conjure-cp-core/src/ast/literals.rs": {"percent_covered": 11.764705882352942, "violation_lines": [98, 99, 100, 101, 102, 103, 105, 106, 107, 108, 109, 110, 111, 113, 114, 182, 183, 184, 185, 186, 187, 189, 190, 191, 192, 193, 194, 196, 197, 344, 345, 346, 347, 598, 599, 600, 601, 602, 603, 604, 606, 607, 608, 609, 610], "covered_lines": [303, 304, 305, 434, 435, 436], "violations": [[98, null], [99, null], [100, null], [101, null], [102, null], [103, null], [105, null], [106, null], [107, null], [108, null], [109, null], [110, null], [111, null], [113, null], [114, null], [182, null], [183, null], [184, null], [185, null], [186, null], [187, null], [189, null], [190, null], [191, null], [192, null], [193, null], [194, null], [196, null], [197, null], [344, null], [345, null], [346, null], [347, null], [598, null], [599, null], [600, null], [601, null], [602, null], [603, null], [604, null], [606, null], [607, null], [608, null], [609, null], [610, null]]}, "crates/conjure-cp-core/src/ast/domains/ground.rs": {"percent_covered": 1.923076923076934, "violation_lines": [99, 100, 101, 261, 262, 263, 264, 265, 266, 267, 268, 270, 271, 272, 273, 274, 275, 276, 277, 278, 349, 350, 351, 352, 353, 354, 355, 356, 357, 358, 359, 360, 361, 362, 363, 364, 762, 763, 765, 766, 767, 770, 772, 773, 774, 775, 776, 777, 778, 929, 943], "covered_lines": [980], "violations": [[99, null], [100, null], [101, null], [261, null], [262, null], [263, null], [264, null], [265, null], [266, null], [267, null], [268, null], [270, null], [271, null], [272, null], [273, null], [274, null], [275, null], [276, null], [277, null], [278, null], [349, null], [350, null], [351, null], [352, null], [353, null], [354, null], [355, null], [356, null], [357, null], [358, null], [359, null], [360, null], [361, null], [362, null], [363, null], [364, null], [762, null], [763, null], [765, null], [766, null], [767, null], [770, null], [772, null], [773, null], [774, null], [775, null], [776, null], [777, null], [778, null], [929, null], [943, null]]}, "crates/conjure-cp-core/src/ast/matrix.rs": {"percent_covered": 0.0, "violation_lines": [153], "covered_lines": [], "violations": [[153, null]]}, "crates/conjure-cp-core/src/ast/types.rs": {"percent_covered": 0.0, "violation_lines": [39], "covered_lines": [], "violations": [[39, null]]}, "crates/conjure-cp-core/src/ast/domains/domain.rs": {"percent_covered": 58.82352941176471, "violation_lines": [164, 167, 172, 173, 174, 175, 176], "covered_lines": [161, 162, 163, 165, 166, 168, 169, 170, 171, 177], "violations": [[164, null], [167, null], [172, null], [173, null], [174, null], [175, null], [176, null]]}, "crates/conjure-cp-core/src/parse/parse_model.rs": {"percent_covered": 78.78787878787878, "violation_lines": [227, 228, 233, 239, 245, 248, 494, 499, 516, 517, 518, 519, 520, 521, 522, 523, 525, 883, 884, 932, 938], "covered_lines": [217, 218, 219, 220, 221, 222, 223, 224, 225, 226, 229, 230, 231, 232, 234, 235, 236, 237, 238, 240, 241, 242, 243, 244, 246, 247, 480, 481, 482, 483, 484, 485, 486, 487, 488, 489, 490, 491, 492, 493, 495, 496, 497, 498, 500, 501, 502, 503, 504, 505, 506, 507, 508, 509, 510, 511, 512, 513, 514, 515, 524, 880, 881, 882, 925, 926, 927, 928, 929, 930, 931, 933, 934, 935, 936, 937, 1345, 1346], "violations": [[227, null], [228, null], [233, null], [239, null], [245, null], [248, null], [494, null], [499, null], [516, null], [517, null], [518, null], [519, null], [520, null], [521, null], [522, null], [523, null], [525, null], [883, null], [884, null], [932, null], [938, null]]}}, "total_num_lines": 306, "total_num_violations": 185, "total_percent_covered": 39, "num_changed_lines": 1090}